6288560,wedamija
1421724,evanpurkhiser
10491193,NisanthanNanthakumar
7396,mitsuhiko
1523305,kamilogorek
79684,billyvg
6729988,Jean85
363802,HazAT
1770485,ste93cry
14812505,lobsterkatie
1357927,maciejwalkowiak
4999776,romtsn
5731772,marandaneto
1633368,bruno-garcia
6536764,sl0thentr0py
12283,asbjornu
1433023,jan-auer
1900676,robinrendle
35509934,leeandher
44172267,vuluongj20
9317857,JonasBa
9372512,davidenwang
374965,ashwoods
5915546,MaxBittker
2153,benvinegar
375744,mattrobenolt
32816711,iker-barriocanal
88819,rhcarvalho
1779792,lynnagara
139499,dashed
4830259,doralchan
126780,BYK
5079556,st0012
1565449,jjbayer
10855986,ahmedetefy
8533851,scefali
85517732,AniketDas-Tekky
31750075,mgaeta
146720,flub
1090754,stayallive
9131758,nokitakaze
23610,dcramer
29886766,vladanpaunovic
18689448,AbhiPrasad
4020638,onurtemizkan
22846452,narsaynorath
1400464,scttcper
2443292,philipphofmann
14209781,joshuarli
5281987,RaduW
837573,untitaker
24086,markstory
6111995,k-fish
13372529,katiemanuri
22259802,maxiuyuan
1752,bretthoerner
65315,tkaemming
3646303,ninniuz
19999,metlos
9060071,matejminar
1626430,fpacifici
1748388,leedongwei
6508377,Jesse-Box
2727124,evanh
29959063,ceorourke
15368179,MeredithAnya
5597345,relaxolotl
15015880,taylangocmen
10239353,Zylphrex
1976777,JoshFerge
3984453,denrase
1120468,tonyo
1500654,beezz
