249488,garethson
84159,kmcphillips
624456,imran-iq
150352,qq99
13390421,MalazAlamir
47848,rafaelfranca
561827,shioyama
6456191,DerekStride
8122246,Edouard-chin
1284,burke
984857,pushrax
647711,Larochelle
8840965,james-woo
6445035,katdrobnjakovic
1443776,hwdavidward
4521864,jonathankwok
344839,tmlayton
30062,caueguerra
76227,stevelounsbury
23665,jbruton
15870,wvanbergen
207902,tjoyal
1266229,tamcgoey
4230682,mdking
3595866,jesalerno84
2715613,andrewapperley
13400,andyw8
60748788,rezaansyed
746519,JackMc
64600052,paulomarg
19682,ragalie
463193,tanema
7609117,theundeadmonk
121782,nithinbekal
30087610,ayronshopify
19192189,casperisfine
3535,etiennebarrie
5659685,max611
5751476,felix-d
7451862,jasonhl
3213506,cpjk
4105421,haeky
10181941,mmorissette
76880,jmreid
318850,tskorupa
22572468,ahmed-alzahrani
2488265,nickapopolis
311279,elfassy
6108341,FranOis
100357,robinbrandt
4867,plentz
38287619,cejaekl
496367,bdewater
7048758,tomgatzgates
13060190,aud
5864726,Mangara
954402,dylanahsmith
60748655,SaifBenChahed
341094,chrisseaton
379,methodmissing
26002,lucasuyezu
632559,jpcaissy
6034184,charlescng
5099,sbfaulkner
22262795,gndowns
3611823,georgetzavelas
30154753,mllemango
40904028,Paulinakhew
31014,greatestape
56687600,mkevinosullivan
1970318,yaworsk
73874,tylerball
15366319,katiedavis
83494,alexaitken
34359,ashchristopher
481406,bradsokol
5946811,doodzik
158950,airhorns
18969,albiere
165929,benwah
2319002,wizardlyhel
3124,tenderlove
2709526,hannachen
260388,nicday
224488,paracycle
1502508,vignesh-vs-in
303141,filipebarcos
8219340,sambostock
1203021,agarcher
17348,bai
833576,thegedge
15860699,peterzhu2118
408219,celsodantas
53090849,wanderingpiccadilly
71433,attaboy
22305677,gbossh
318225,karmakaze
542544,elsom25
5913106,grcooper
22896961,zacharyreynochiasson
17579,Thibaut
1706826,eapache
325821,davidcornu
2053039,EiNSTeiN-
3770220,samdoiron
11702,minichate
19199063,alex-page
13038454,NabeelAhsen
31415382,froot
2111778,jtgrenz
2502249,jianghong
4921652,justinkrol
28543909,StefanSlehta
39609908,glen-j-nkali
786799,nwtn
596120,christianblais
1529387,sgrif
801405,maximebedard
12304900,richter-alex
5500965,ShayneP
1916444,chrisbutcher
16005948,jamiemtdwyer
2414629,sjswoboda
53470248,shopmike
2731016,raderj89
8755434,ChanChar
17237358,Tieshia
28634142,mSitkovets
10549158,jordanliddle
547470,gfscott
11672878,ignacio-chiazzo
6825,sunblaze
1095896,Krystosterone
330573,pi3r
522155,kirs
398706,DazWorrall
961874,esnunes
1164344,Bringer128
2072686,fw42
9075816,epk
27247,pallan
438456,masom
43660,kvs
1150042,ElvinEfendi
7938049,emmack
1154940,pstare
33286085,rebeccajfriedman
9813,richpoirier
79464,sealabcore
55985,peterjm
6385717,joshwheeler
19748287,David-Tamrazov
214246,mlhamel
6557101,lugray
8550024,dominiquesr
1965489,kevinhughes27
172889,Becojo
7784322,fresh-eggs
11052374,clayton-shopify
42748004,jenshenny
17695773,NabeelChaudhry
39956316,monica-shver
50832,atesgoral
68387,ilikeorangutans
1594285,Matt888
658109,dmeeking
1646462,pequalsnp
4699843,csawatzky
1952068,llwire
191818,mkcny
327048,wkjagt
347,tobi
4406751,jusleg
409110,jasonwebster
