323199,mihaimaruseac
7523982,chsigg
38085909,penpornk
144114,rohan100jain
1176311,nrobeR
45770020,minglotus-6
126883,tombstone
346043,jaeyounkim
396613,lmthang
552145,dpwe
1115739,rsepassi
1171846,thunderfyc
1253675,rezama
1766524,sguada
1811449,jch1
2797545,gjtucker
4873189,saberkun
5911878,ofirnachum
6316419,andrefaraujo
6980056,marksandler2
8497170,Hyperparticle
8865549,YknZhu
9902093,aquariusjay
12468855,mryoo
13264584,yeqingli
14897069,a-dai
25515188,arashwan
30733558,plakal
31545286,yuanliangzhe
31711798,xianzhidu
35853368,pkulzc
36285763,yhliang2018
38229354,gagika
42055825,rachellj218
50220462,yongzhe2160
53576716,lehougoogle
77990230,fyangf
1329361,chentingpc
3823490,vighneshbirodkar
3967488,saxenasaurabh
8471266,luotigerlsx
2294279,dsmilkov
53017143,sganeshb
954279,BradLarson
5873403,lindong28
1072079,jsimsa
49143,judah
2624824,fkm3
3969492,sloos
1623797,szegedy
17624759,zoyahav
1131010,japie1235813
710113,nfelt
8526174,paulgc
4221553,chihuahua
49262,jart
1400023,decentralion
4018,pyu10055
306276,nkreeger
1100749,nsthorat
26408,tafsiri
874510,wolffg
19695904,random-forests
32752864,mmilanifard
5700011,annxingyuan
61658,colah
422841,amj
7587269,tommadams
626236,duckworthd
35820639,bixia1
1414837,MarkDaoust
30543034,netfs
3983652,frederick0329
4409685,aman2930
5509679,chenGitHuber
59821987,saikumarchalla
23486130,tfboyd
15273931,yatbear
16824702,caisq
1167977,ludwigschubert
1320214,brilee
34356,broken
22603781,lilao
348959,cheshire
32465472,angerson
17071954,vinuraja
1269299,qqfish
39922559,pengchongjin
2306823,toponado
31743510,aaroey
1184671,xiejw
1517779,sb2nov
93609,waterson
684901,lukaszkaiser
1074537,sermanet
1198725,dmrd
1248454,lukemetz
1254657,cbfinn
1545442,xavigibert
1888003,hellojas
2769964,arkanath
4902977,AlexeyKurakin
5204812,peterjliu
15603129,beerys
2547313,stephanwlee
6027221,mingxingtan
691628,frankchn
607207,rjpower
1284535,saeta
1137078,jvdillon
1347381,davidsoergel
547150,bileschi
17646533,ericdnielsen
1524085,alexgorban
2699914,dan-anghel
1111032,revan
34991981,shizhiw
10172976,sethtroisi
66973752,hanbinyoon
22063,miaout17
73069040,sachinprasadhs
6510203,reedwm
1835471,r4nt
44206880,karimnosseir
88808,skye
1307460,nutsiepully
3372300,joker-eph
3203059,abattery
65194503,jurahul
2448933,daverim
26628547,mdanatg
2322480,psybuzz
49293276,lakovar
23212226,saxena-ashish-g
159001,csuter
706766,jpienaar
3455177,aaudiber
5057740,feihugis
2538739,cantonios
4599735,michaelbanfield
2908505,terryheo
5379361,khanhlvg
4503934,BarretZoph
2569867,dustinvtran
723624,ishark
1647833,yuefengz
1346302,dellis23
1573848,ccrusius
56562020,kenfranko
6316921,haozha111
136291,sanjoy
9742927,impjdi
36247193,renjie-liu
12569322,JXRiver
