360927,fredemmott
30927,kalendae
4922820,joesus
6910829,robtimp
10569040,jingping2015
2167790,styurin
8554206,Mxiim
3403450,0x24a537r9
8768743,0x1eaf
658691,adsharma
1959500,aaron-chen
2646229,abeatte
34669529,adbeard
4780362,ajkr
7980268,pdillinger
33968,jay-zhuang
5334567,siying
8445,zpao
7292916,rajyengi
2440089,rickhanlonii
63648,sebmarkbage
239676,necolas
810438,gaearon
70602,JoshuaGross
2286579,salazarm
5750,benjamn
5106466,thymikee
16069751,jeysal
23874,ericnakagawa
1525924,emilsjolander
9906,passy
66700,11nc
1039792,paulbiss
59419,WizKid
1641037,mdcallag
4325900,codytwinton
169419,yfeldblum
83968999,hx235
4332159,mofarrell
1013739,mxw
70800,Wilfred
6019010,viratyosin
33647610,anand1976
43301668,akankshamahajan15
9663277,zhichao-cao
47607618,ltamasi
2606959,yiwu-arbug
1264057,adamretter
1271509,jstejada
3624098,acdlite
29597,bvaughn
1404810,SimenB
13352,cpojer
574806,rogeliog
1831484,scotthovestadt
11862657,pedrottimark
141700,mrambacher
5610087,mattphillips
829269,mjesun
117921,rubennorte
940133,aaronabramov
408035,rafeca
55161,yungsters
