275871,bnoordhuis
3759816,gengjiawen
5445507,richardlau
495647,rvagg
9373002,mhdawson
134460,joaocgreis
2352663,targos
3055345,vweevers
1315533,benjamingr
52195,mcollina
376661,mafintosh
1128607,calvinmetcalf
387506,NickNaso
976081,gabrielschulhof
8500303,legendecas
3691490,PeterDaveHello
728370,ttshivers
12230473,Fleta
439929,jasnell
2036040,codebytere
2512748,cjihrig
26796102,AshCripps
899444,addaleax
16160283,jschlight
4048656,mmarchini
718899,Trott
8822573,BridgeAR
2467194,yoshuawuyts
8107784,lrlna
4103081,kkoopa
17704638,bzoz
3709715,cclauss
234659,bmeck
18708370,Flarna
8634912,KevinEady
96947,refack
