3020626;maclover7;test: various small fixes;nodejs/http-parser;[275871];['bnoordhuis'];2018-07-08T00:06:14Z;2021-05-31T15:22:41Z;['test.c'];https://github.com/nodejs/http-parser/pull/438;https://api.github.com/repos/nodejs/http-parser/pulls/438/commits;49;closed
3709715;cclauss;doc: Rename and update Common-issues.md --> docs/README.md;nodejs/node-gyp;[3759816];['gengjiawen'];2021-12-07T18:41:47Z;2021-12-13T10:05:01Z;['docs/Common-issues.md', 'docs/README.md'];https://github.com/nodejs/node-gyp/pull/2567;https://api.github.com/repos/nodejs/node-gyp/pulls/2567/commits;25;closed
3759816;gengjiawen;feat: support vs2022;nodejs/node-gyp;[5445507];['richardlau'];2021-10-24T09:44:00Z;2021-10-29T02:54:00Z;['.github/workflows/visual-studio.yml', 'lib/find-visualstudio.js'];https://github.com/nodejs/node-gyp/pull/2533;https://api.github.com/repos/nodejs/node-gyp/pulls/2533/commits;39;closed
41898282;github-actions[bot];chore: release 8.3.0;nodejs/node-gyp;[495647, 9373002];['rvagg', 'mhdawson'];2021-10-11T10:36:19Z;2021-10-19T06:33:49Z;['CHANGELOG.md', 'package.json'];https://github.com/nodejs/node-gyp/pull/2522;https://api.github.com/repos/nodejs/node-gyp/pulls/2522/commits;20;closed
3759816;gengjiawen;feat(gyp): update gyp to v0.10.0;nodejs/node-gyp;[495647];['rvagg'];2021-10-11T09:45:12Z;2021-10-11T10:35:16Z;['gyp/CHANGELOG.md', 'gyp/pylib/gyp/MSVSVersion.py', 'gyp/setup.py'];https://github.com/nodejs/node-gyp/pull/2521;https://api.github.com/repos/nodejs/node-gyp/pulls/2521/commits;26;closed
4977542;brianpursley;feat: adds environment variable to allow PowerShell executable to be specified;nodejs/node-gyp;[134460];['joaocgreis'];2021-10-05T22:26:38Z;2021-12-15T05:17:52Z;['lib/find-visualstudio.js'];https://github.com/nodejs/node-gyp/pull/2512;https://api.github.com/repos/nodejs/node-gyp/pulls/2512/commits;4;closed
3709715;cclauss;test: Python 3.10 was release on Oct. 4th;nodejs/node-gyp;[2352663, 9373002];['targos', 'mhdawson'];2021-09-24T08:46:53Z;2021-10-05T10:20:29Z;['.github/workflows/tests.yml', '.github/workflows/tests.yml'];https://github.com/nodejs/node-gyp/pull/2504;https://api.github.com/repos/nodejs/node-gyp/pulls/2504/commits;2;closed
41898282;github-actions[bot];chore: release 8.2.1;nodejs/node-gyp;[495647, 2352663];['rvagg', 'targos'];2021-09-10T05:22:57Z;2021-10-11T10:36:21Z;['CHANGELOG.md', 'package.json'];https://github.com/nodejs/node-gyp/pull/2493;https://api.github.com/repos/nodejs/node-gyp/pulls/2493/commits;15;closed
3709715;cclauss;chore: fix typos discovered by codespell;nodejs/node-gyp;[495647];['rvagg'];2021-06-22T05:45:00Z;2021-06-22T11:56:12Z;['CHANGELOG.md', 'lib/find-visualstudio.js'];https://github.com/nodejs/node-gyp/pull/2442;https://api.github.com/repos/nodejs/node-gyp/pulls/2442/commits;2;closed
914122;martinheidegger;Fix/remove node globals - rebased & fixing IE issue;nodejs/readable-stream;[3055345];['vweevers'];2021-01-07T03:51:14Z;2021-01-10T18:36:45Z;['lib/internal/streams/buffer_list.js', 'lib/internal/streams/from.js', 'test/common/countdown.js', 'test/common/dns.js', 'test/common/duplexpair.js', 'test/common/fixtures.js', 'test/common/heap.js', 'test/common/http2.js', 'test/common/index.js', 'test/common/inspector-helper.js', 'test/common/internet.js', 'test/common/tls.js', 'test/parallel/test-stream-big-packet.js', 'test/parallel/test-stream-events-prepend.js', 'test/parallel/test-stream-pipe-after-end.js', 'test/parallel/test-stream-pipe-await-drain-manual-resume.js', 'test/parallel/test-stream-pipe-multiple-pipes.js', 'test/parallel/test-stream-push-strings.js', 'test/parallel/test-stream-readable-async-iterators.js', 'test/parallel/test-stream-uint8array.js', 'test/parallel/test-stream-unpipe-event.js', 'test/parallel/test-stream-writable-change-default-encoding.js', 'test/parallel/test-stream-writable-decoded-encoding.js', 'test/parallel/test-stream-writable-null.js', 'test/parallel/test-stream2-basic.js', 'test/parallel/test-stream2-compatibility.js', 'test/parallel/test-stream2-pipe-error-once-listener.js', 'test/parallel/test-stream2-set-encoding.js', 'test/parallel/test-stream2-unpipe-drain.js', 'test/parallel/test-stream2-unpipe-leak.js', 'test/parallel/test-stream2-writable.js', 'build/files.js', 'lib/_stream_duplex.js', 'lib/_stream_readable.js', 'lib/_stream_writable.js', 'lib/internal/streams/async_iterator.js', 'lib/internal/streams/destroy.js', 'package.json', 'test/ours/lolex-fake-timers.js', 'build/files.js', 'lib/_stream_duplex.js', 'lib/_stream_readable.js', 'lib/_stream_writable.js', 'lib/internal/streams/async_iterator.js', 'lib/internal/streams/buffer_list.js', 'lib/internal/streams/destroy.js', 'lib/internal/streams/from.js', 'lib/internal/streams/next-tick-browser.js', 'lib/internal/streams/next-tick.js', 'package.json', 'test/browser/test-stream-push-strings.js', 'test/browser/test-stream2-base64-single-char-read-end.js', 'test/browser/test-stream2-objects.js', 'test/browser/test-stream2-push.js', 'test/browser/test-stream2-readable-empty-buffer-no-eof.js', 'test/browser/test-stream2-readable-legacy-drain.js', 'test/browser/test-stream2-transform.js', 'test/browser/test-stream2-unpipe-drain.js', 'test/browser/test-stream2-writable.js', 'test/browser/test-stream3-pause-then-read.js', 'test/common/dns.js', 'test/common/duplexpair.js', 'test/common/fixtures.js', 'test/common/heap.js', 'test/common/http2.js', 'test/common/index.js', 'test/common/inspector-helper.js', 'test/common/internet.js', 'test/common/tls.js', 'test/parallel/test-stream-big-packet.js', 'test/parallel/test-stream-events-prepend.js', 'test/parallel/test-stream-pipe-after-end.js', 'test/parallel/test-stream-pipe-await-drain-manual-resume.js', 'test/parallel/test-stream-pipe-multiple-pipes.js', 'test/parallel/test-stream-push-strings.js', 'test/parallel/test-stream-readable-async-iterators.js', 'test/parallel/test-stream-uint8array.js', 'test/parallel/test-stream-unpipe-event.js', 'test/parallel/test-stream-writable-change-default-encoding.js', 'test/parallel/test-stream-writable-decoded-encoding.js', 'test/parallel/test-stream-writable-null.js', 'test/parallel/test-stream2-basic.js', 'test/parallel/test-stream2-compatibility.js', 'test/parallel/test-stream2-pipe-error-once-listener.js', 'test/parallel/test-stream2-set-encoding.js', 'test/parallel/test-stream2-unpipe-drain.js', 'test/parallel/test-stream2-unpipe-leak.js', 'test/parallel/test-stream2-writable.js', 'build/files.js', 'lib/internal/streams/buffer_list.js', 'lib/internal/streams/inspect-browser.js', 'lib/internal/streams/inspect.js', 'package.json', 'lib/internal/streams/next-tick-browser.js'];https://github.com/nodejs/readable-stream/pull/454;https://api.github.com/repos/nodejs/readable-stream/pulls/454/commits;32;closed
42647963;Soremwar;Build for Deno;nodejs/readable-stream;[1315533];['benjamingr'];2020-11-17T01:28:26Z;2021-09-24T20:23:49Z;['README.md', 'build/files.js', 'lib/_stream_readable.js', 'lib/_stream_writable.js', 'lib/internal/streams/buffer_list.js', 'lib/internal/streams/from.js', 'test/common/countdown.js', 'test/common/dns.js', 'test/common/duplexpair.js', 'test/common/fixtures.js', 'test/common/heap.js', 'test/common/http2.js', 'test/common/index.js', 'test/common/inspector-helper.js', 'test/common/internet.js', 'test/common/tls.js', 'test/parallel/test-stream-big-packet.js', 'test/parallel/test-stream-events-prepend.js', 'test/parallel/test-stream-pipe-after-end.js', 'test/parallel/test-stream-pipe-await-drain-manual-resume.js', 'test/parallel/test-stream-pipe-multiple-pipes.js', 'test/parallel/test-stream-push-strings.js', 'test/parallel/test-stream-readable-async-iterators.js', 'test/parallel/test-stream-uint8array.js', 'test/parallel/test-stream-unpipe-event.js', 'test/parallel/test-stream-writable-change-default-encoding.js', 'test/parallel/test-stream-writable-decoded-encoding.js', 'test/parallel/test-stream-writable-null.js', 'test/parallel/test-stream2-basic.js', 'test/parallel/test-stream2-compatibility.js', 'test/parallel/test-stream2-pipe-error-once-listener.js', 'test/parallel/test-stream2-set-encoding.js', 'test/parallel/test-stream2-unpipe-drain.js', 'test/parallel/test-stream2-unpipe-leak.js', 'test/parallel/test-stream2-writable.js', 'build/files.js', 'lib/_stream_readable.js', 'lib/_stream_readable.js.errored.js', 'lib/_stream_writable.js', 'lib/internal/streams/buffer_list.js', 'lib/_stream_readable.js.errored.js', 'build/files.js', 'lib/_stream_readable.js', 'build/files.js', 'lib/_stream_readable.js', 'lib/_stream_writable.js', 'lib/internal/streams/legacy.js', 'lib/internal/streams/stream.js', 'package.json', 'build/build-deno.js', 'build/build.js', 'build/files.js', 'build/node-shim.js', 'lib/_stream_readable.js', 'package.json', 'readable-deno.js', 'readable.js', 'README.md', 'package.json', '_readable-deno.js', 'build/build-deno.js', 'build/build.js', 'build/deno-replacements.js', 'import-map.json', 'package.json', 'readable-deno.js', 'test/common-deno.js', 'test/deno.js', 'test/deno/test-readable-from.js', 'test/deno/test-readable-large-hwm.js', 'test/deno/test-readable-single-end.js', 'test/deno/test-stream-auto-destroy.js', 'test/deno/test-stream-backpressure.js', 'test/deno/test-stream-big-packet.js', 'test/deno/test-stream-big-push.js', 'test/deno/test-stream-buffer-list.js', 'test/deno/test-stream-decoder-objectmode.js', 'test/deno/test-stream-destroy-event-order.js', 'test/deno/test-stream-duplex-destroy.js', 'test/deno/test-stream-duplex-end.js', 'test/deno/test-stream-duplex.js', 'test/deno/test-stream-end-paused.js', 'test/deno/test-stream-events-prepend.js', 'test/deno/test-stream-finished.js', 'test/deno/test-stream-ispaused.js', 'test/deno/test-stream-objectmode-undefined.js', 'test/deno/test-stream-once-readable-pipe.js', 'test/deno/test-stream-pipe-after-end.js', 'test/deno/test-stream-pipe-await-drain-manual-resume.js', 'test/deno/test-stream-pipe-await-drain-push-while-write.js', 'test/deno/test-stream-pipe-await-drain.js', 'test/deno/test-stream-pipe-cleanup-pause.js', 'test/deno/test-stream-pipe-cleanup.js', 'test/deno/test-stream-pipe-error-handling.js', 'test/deno/test-stream-pipe-event.js', 'test/deno/test-stream-pipe-flow-after-unpipe.js', 'test/deno/test-stream-pipe-flow.js', 'test/deno/test-stream-pipe-manual-resume.js', 'test/deno/test-stream-pipe-multiple-pipes.js', 'test/deno/test-stream-pipe-same-destination-twice.js', 'test/deno/test-stream-pipe-unpipe-streams.js', 'test/deno/test-stream-pipe-without-listenerCount.js', 'test/deno/test-stream-pipeline-queued-end-in-destroy.js', 'test/deno/test-stream-pipeline.js', 'test/deno/test-stream-push-order.js', 'test/deno/test-stream-push-strings.js', 'test/deno/test-stream-readable-async-iterators.js', 'test/deno/test-stream-readable-constructor-set-methods.js', 'test/deno/test-stream-readable-destroy.js', 'test/deno/test-stream-readable-emittedReadable.js', 'test/deno/test-stream-readable-event.js', 'test/deno/test-stream-readable-flow-recursion.js', 'test/deno/test-stream-readable-hwm-0-async.js', 'test/deno/test-stream-readable-hwm-0-no-flow-data.js', 'test/deno/test-stream-readable-hwm-0.js', 'test/deno/test-stream-readable-infinite-read.js', 'test/deno/test-stream-readable-invalid-chunk.js', 'test/deno/test-stream-readable-needReadable.js', 'test/deno/test-stream-readable-no-unneeded-readable.js', 'test/deno/test-stream-readable-object-multi-push-async.js', 'test/deno/test-stream-readable-pause-and-resume.js', 'test/deno/test-stream-readable-readable-then-resume.js', 'test/deno/test-stream-readable-reading-readingMore.js', 'test/deno/test-stream-readable-resume-hwm.js', 'test/deno/test-stream-readable-resumeScheduled.js', 'test/deno/test-stream-readable-setEncoding-existing-buffers.js', 'test/deno/test-stream-readable-setEncoding-null.js', 'test/deno/test-stream-readable-with-unimplemented-_read.js', 'test/deno/test-stream-readableListening-state.js', 'test/deno/test-stream-transform-callback-twice.js', 'test/deno/test-stream-transform-constructor-set-methods.js', 'test/deno/test-stream-transform-destroy.js', 'test/deno/test-stream-transform-final-sync.js', 'test/deno/test-stream-transform-final.js', 'test/deno/test-stream-transform-flush-data.js', 'test/deno/test-stream-transform-objectmode-falsey-value.js', 'test/deno/test-stream-transform-split-highwatermark.js', 'test/deno/test-stream-transform-split-objectmode.js', 'test/deno/test-stream-uint8array.js', 'test/deno/test-stream-unpipe-event.js', 'test/deno/test-stream-unshift-empty-chunk.js', 'test/deno/test-stream-unshift-read-race.js', 'test/deno/test-stream-writable-change-default-encoding.js', 'test/deno/test-stream-writable-constructor-set-methods.js', 'test/deno/test-stream-writable-decoded-encoding.js', 'test/deno/test-stream-writable-destroy.js', 'test/deno/test-stream-writable-ended-state.js', 'test/deno/test-stream-writable-finished-state.js', 'test/deno/test-stream-writable-needdrain-state.js', 'test/deno/test-stream-writable-null.js', 'test/deno/test-stream-writable-write-cb-twice.js', 'test/deno/test-stream-writable-write-writev-finish.js', 'test/deno/test-stream-writableState-ending.js', 'test/deno/test-stream-writableState-uncorked-bufferedRequestCount.js', 'test/deno/test-stream-write-destroy.js', 'test/deno/test-stream-write-final.js', 'test/deno/test-stream-writev.js', 'test/deno/test-stream2-base64-single-char-read-end.js', 'test/deno/test-stream2-basic.js', 'test/deno/test-stream2-compatibility.js', 'test/deno/test-stream2-decode-partial.js', 'test/deno/test-stream2-finish-pipe.js', 'test/deno/test-stream2-large-read-stall.js', 'test/deno/test-stream2-objects.js', 'test/deno/test-stream2-pipe-error-handling.js', 'test/deno/test-stream2-pipe-error-once-listener.js', 'test/deno/test-stream2-push.js', 'test/deno/test-stream2-read-sync-stack.js', 'test/deno/test-stream2-readable-empty-buffer-no-eof.js', 'test/deno/test-stream2-readable-from-list.js', 'test/deno/test-stream2-readable-legacy-drain.js', 'test/deno/test-stream2-readable-non-empty-end.js', 'test/deno/test-stream2-readable-wrap-empty.js', 'test/deno/test-stream2-set-encoding.js', 'test/deno/test-stream2-transform.js', 'test/deno/test-stream2-unpipe-drain.js', 'test/deno/test-stream2-unpipe-leak.js', 'test/deno/test-stream2-writable.js', 'test/deno/test-stream3-cork-end.js', 'test/deno/test-stream3-cork-uncork.js', 'test/deno/test-stream3-pause-then-read.js', 'test/deno/test-streams-highwatermark.js', '.github/workflows/ci.yml', 'build/deno-replacements.js', '_readable-deno.js', 'build/node-shim.js'];https://github.com/nodejs/readable-stream/pull/452;https://api.github.com/repos/nodejs/readable-stream/pulls/452/commits;36;closed
3055345;vweevers;Upgrade airtap and use GitHub Actions;nodejs/readable-stream;[52195];['mcollina'];2020-09-19T21:02:56Z;2020-09-24T07:59:12Z;['.airtap.yml', '.github/workflows/ci.yml', '.github/workflows/sauce.yml', '.npmignore', '.travis.yml', 'package.json', '.github/workflows/sauce.yml', 'package.json'];https://github.com/nodejs/readable-stream/pull/443;https://api.github.com/repos/nodejs/readable-stream/pulls/443/commits;9;closed
52195;mcollina;Update to Node v10.17.0;nodejs/readable-stream;[376661, 1128607];['mafintosh', 'calvinmetcalf'];2019-10-24T10:24:08Z;2020-01-17T16:56:12Z;['README.md', 'build/test-replacements.js', 'lib/_stream_readable.js', 'lib/_stream_writable.js', 'lib/internal/streams/buffer_list.js', 'lib/internal/streams/destroy.js', 'test/common/README.md', 'test/common/arraystream.js', 'test/common/dns.js', 'test/common/index.js', 'test/common/tick.js', 'test/parallel/test-stream-auto-destroy.js', 'test/parallel/test-stream-buffer-list.js', 'test/parallel/test-stream-duplex-destroy.js', 'test/parallel/test-stream-pipe-await-drain-manual-resume.js', 'test/parallel/test-stream-pipe-cleanup.js', 'test/parallel/test-stream-pipe-event.js', 'test/parallel/test-stream-pipe-multiple-pipes.js', 'test/parallel/test-stream-readable-async-iterators.js', 'test/parallel/test-stream-readable-destroy.js', 'test/parallel/test-stream-readable-infinite-read.js', 'test/parallel/test-stream-readable-resume-hwm.js', 'test/parallel/test-stream-readable-setEncoding-existing-buffers.js', 'test/parallel/test-stream-writable-destroy.js', 'test/parallel/test-stream-write-destroy.js', 'test/parallel/test-stream2-readable-from-list.js', 'test/parallel/test-streams-highwatermark.js', 'build/files.js', 'lib/_stream_readable.js', '.travis.yml', 'build/test-replacements.js', 'test/common/index.js', 'README.md', 'build/files.js', 'lib/_stream_readable.js', 'lib/internal/streams/buffer_list.js', 'test/common/dns.js', 'test/parallel/test-stream-duplex-destroy.js', 'test/parallel/test-stream-finished.js', 'test/parallel/test-stream-pipe-await-drain-manual-resume.js', 'test/parallel/test-stream-pipe-error-handling.js', 'test/parallel/test-stream-pipe-multiple-pipes.js', 'test/parallel/test-stream-pipe-unpipe-streams.js', 'test/parallel/test-stream-pipeline.js', 'test/parallel/test-stream-readable-destroy.js', 'test/parallel/test-stream-readable-object-multi-push-async.js', 'test/parallel/test-stream-readable-reading-readingMore.js', 'test/parallel/test-stream-writable-destroy.js', 'test/parallel/test-stream2-basic.js', 'build/build.js', 'build/files.js', 'lib/internal/streams/from.js', 'test/parallel/test-readable-from.js', 'test/parallel/test-readable-large-hwm.js', 'test/parallel/test-readable-single-end.js', 'lib/internal/streams/from-browser.js', 'package.json', 'build/files.js', 'build/test-replacements.js', 'lib/internal/streams/from.js', 'package.json', 'test/parallel/test-readable-from.js'];https://github.com/nodejs/readable-stream/pull/420;https://api.github.com/repos/nodejs/readable-stream/pulls/420/commits;32;closed
8634912;KevinEady;Add promise-callback-demo;nodejs/node-addon-examples;[387506, 976081, 8500303];['NickNaso', 'gabrielschulhof', 'legendecas'];2021-08-19T15:14:05Z;2021-09-03T14:49:49Z;['promise-callback-demo/node-addon-api/README.md', 'promise-callback-demo/node-addon-api/binding.gyp', 'promise-callback-demo/node-addon-api/package.json', 'promise-callback-demo/node-addon-api/src/promise_callback_demo.cc', 'promise-callback-demo/node-addon-api/test/index.js', 'promise-callback-demo/node-addon-api/package.json'];https://github.com/nodejs/node-addon-examples/pull/189;https://api.github.com/repos/nodejs/node-addon-examples/pulls/189/commits;3;closed
6443576;helio-frota;Add example showing ts plus js plus cpp and c;nodejs/node-addon-examples;[9373002];['mhdawson'];2020-10-22T11:19:13Z;2020-11-16T01:35:13Z;['typescript_with_addon/node-addon-api/CMakeLists.txt', 'typescript_with_addon/node-addon-api/README.md', 'typescript_with_addon/node-addon-api/cPart.c', 'typescript_with_addon/node-addon-api/cPart.h', 'typescript_with_addon/node-addon-api/cppPart.cpp', 'typescript_with_addon/node-addon-api/index.ts', 'typescript_with_addon/node-addon-api/jsPart.js', 'typescript_with_addon/node-addon-api/napiPart.cpp', 'typescript_with_addon/node-addon-api/package.json', 'typescript_with_addon/node-addon-api/tsconfig.json'];https://github.com/nodejs/node-addon-examples/pull/161;https://api.github.com/repos/nodejs/node-addon-examples/pulls/161/commits;151;closed
16160283;jschlight;Add GitHub Action to rebuild and publish website;nodejs/node-addon-examples;[3759816];['gengjiawen'];2020-07-20T19:06:36Z;2020-07-22T19:20:02Z;['.github/workflows/website.yml'];https://github.com/nodejs/node-addon-examples/pull/149;https://api.github.com/repos/nodejs/node-addon-examples/pulls/149/commits;26;closed
16160283;jschlight;Tutorial website;nodejs/node-addon-examples;[387506, 3759816];['NickNaso', 'gengjiawen'];2020-07-10T20:39:01Z;2020-07-20T16:47:40Z;['website/.editorconfig', 'website/.gitattributes', 'website/.gitignore', 'website/.prettierignore', 'website/.prettierrc', 'website/LICENSE', 'website/README.md', 'website/docs/.gitkeep', 'website/docs/about/uses.md', 'website/docs/about/what.md', 'website/docs/build-tools/cmake-js.md', 'website/docs/build-tools/node-gyp.md', 'website/docs/build-tools/node-pre-gyp.md', 'website/docs/build-tools/prebuild.md', 'website/docs/getting-started/first.md', 'website/docs/getting-started/helloworld.md', 'website/docs/getting-started/migration.md', 'website/docs/getting-started/objectwrap.md', 'website/docs/getting-started/pre-gyp.md', 'website/docs/getting-started/prerequisites.md', 'website/docs/getting-started/tools.md', 'website/docs/index.md', 'website/docs/menu.json', 'website/docs/special-topics/asynccontext.md', 'website/docs/special-topics/asyncworker.md', 'website/docs/special-topics/context-awareness.md', 'website/docs/special-topics/object-function-refs.md', 'website/docs/special-topics/thread-safe-functions (save).md', 'website/docs/special-topics/thread-safe-functions.md', 'website/docs/theming/helper-components.md', 'website/docs/theming/overview.md', 'website/docs/theming/variables.md', 'website/docs/toc.json', 'website/docs/writing/project-structure.md', 'website/docs/writing/table-of-contents.md', 'website/docs/writing/writing-in-markdown.md', 'website/gatsby-config.js', 'website/gatsby-node.js', 'website/package.json', 'website/src/components/docs/DocsHeader/DocsHeader.tsx', 'website/src/components/docs/DocsHeader/index.ts', 'website/src/components/docs/DocsWrapper/DocsWrapper.tsx', 'website/src/components/docs/DocsWrapper/index.ts', 'website/src/components/docs/TableOfContents/TocFloatingButton.tsx', 'website/src/components/docs/TableOfContents/TocWrapper.tsx', 'website/src/components/docs/TableOfContents/index.ts', 'website/src/components/foundations/Theme.tsx', 'website/src/components/foundations/box/components/BorderBox.tsx', 'website/src/components/foundations/box/components/Box.tsx', 'website/src/components/foundations/box/components/index.ts', 'website/src/components/foundations/box/index.ts', 'website/src/components/foundations/index.ts', 'website/src/components/foundations/reset/components/GlobalStyles.ts', 'website/src/components/foundations/reset/components/ThemeReset.tsx', 'website/src/components/foundations/reset/index.ts', 'website/src/components/foundations/reset/styles/base.ts', 'website/src/components/foundations/reset/styles/code.ts', 'website/src/components/foundations/reset/styles/reboot.ts', 'website/src/components/foundations/typography/components/Heading.tsx', 'website/src/components/foundations/typography/components/Link.tsx', 'website/src/components/foundations/typography/components/Paragraph.tsx', 'website/src/components/foundations/typography/components/Text.tsx', 'website/src/components/foundations/typography/components/Typography.tsx', 'website/src/components/foundations/typography/index.ts', 'website/src/components/foundations/typography/utils/determineFontDimensions.tsx', 'website/src/components/foundations/typography/utils/index.ts', 'website/src/components/foundations/variables.ts', 'website/src/components/layout/Container/Container.tsx', 'website/src/components/layout/Container/index.ts', 'website/src/components/layout/Footer/Footer.tsx', 'website/src/components/layout/Footer/FooterWrapper.tsx', 'website/src/components/layout/Footer/index.ts', 'website/src/components/layout/Header/Header.tsx', 'website/src/components/layout/Header/HeaderInner.tsx', 'website/src/components/layout/Header/index.ts', 'website/src/components/layout/LayoutMain/LayoutMain.tsx', 'website/src/components/layout/LayoutMain/index.tsx', 'website/src/components/layout/LayoutRoot/LayoutRoot.tsx', 'website/src/components/layout/LayoutRoot/index.tsx', 'website/src/components/layout/Navigation/NavButton.tsx', 'website/src/components/layout/Navigation/Navigation.tsx', 'website/src/components/layout/Navigation/NavigationContext.tsx', 'website/src/components/layout/Navigation/NavigationMenu.tsx', 'website/src/components/layout/Navigation/index.ts', 'website/src/components/layout/Overlay/Overlay.tsx', 'website/src/components/layout/Overlay/index.ts', 'website/src/components/layout/Page/NotFoundWrapper.tsx', 'website/src/components/layout/Page/Page.tsx', 'website/src/components/layout/Page/index.ts', 'website/src/components/page/Markdown/MarkdownComponents.tsx', 'website/src/components/page/Markdown/MarkdownContent.tsx', 'website/src/components/page/Markdown/index.ts', 'website/src/components/ui/Pagination/Pagination.tsx', 'website/src/components/ui/Pagination/index.ts', 'website/src/interfaces/gatsby.ts', 'website/src/interfaces/nodes.ts', 'website/src/layouts/index.tsx', 'website/src/pages/404.tsx', 'website/src/templates/home.tsx', 'website/src/templates/page.tsx', 'website/src/typings.d.ts', 'website/src/utils/helpers.ts', 'website/src/utils/renderAst.tsx', 'website/src/utils/types.ts', 'website/static/img/homepage.png', 'website/static/img/new-repo-from-template.png', 'website/static/img/use-template.png', 'website/tsconfig.json', 'website/tslint.json', 'test_all.js', 'website/src/components/foundations/reset/styles/code.ts', 'website/src/components/foundations/reset/styles/reboot.ts', 'website/gatsby-config.js', 'website/package.json', 'website/LICENSE', 'website/README.md', 'website/docs/about/uses.md', 'website/docs/about/what.md', 'website/docs/build-tools/cmake-js.md', 'website/docs/build-tools/node-gyp.md', 'website/docs/build-tools/node-pre-gyp.md', 'website/docs/build-tools/prebuild.md', 'website/docs/getting-started/first.md', 'website/docs/getting-started/helloworld.md', 'website/docs/getting-started/migration.md', 'website/docs/getting-started/objectwrap.md', 'website/docs/getting-started/pre-gyp.md', 'website/docs/getting-started/prerequisites.md', 'website/docs/getting-started/tools.md', 'website/docs/menu.json', 'website/docs/special-topics/asynccontext.md', 'website/docs/special-topics/asyncworker.md', 'website/docs/special-topics/context-awareness.md', 'website/docs/special-topics/object-function-refs.md', 'website/docs/special-topics/thread-safe-functions (save).md', 'website/docs/special-topics/thread-safe-functions.md', 'website/docs/theming/helper-components.md', 'website/docs/theming/overview.md', 'website/docs/theming/variables.md', 'website/docs/writing/project-structure.md', 'website/docs/writing/table-of-contents.md', 'website/docs/writing/writing-in-markdown.md', 'website/package.json', 'website/src/components/foundations/reset/styles/reboot.ts', 'website/.prettierignore', 'website/.prettierrc', 'website/tsconfig.json', 'website/tslint.json', 'website/LICENSE'];https://github.com/nodejs/node-addon-examples/pull/146;https://api.github.com/repos/nodejs/node-addon-examples/pulls/146/commits;21;closed
976081;gabrielschulhof;make node-addon-api examples context-sensistive;nodejs/node-addon-examples;[387506, 9373002];['NickNaso', 'mhdawson'];2020-06-02T18:05:15Z;2020-06-10T00:31:11Z;['6_object_wrap/node-addon-api/myobject.cc', '6_object_wrap/node-addon-api/myobject.h', '6_object_wrap/node-addon-api/package.json', '7_factory_wrap/node-addon-api/myobject.cc', '7_factory_wrap/node-addon-api/myobject.h', '7_factory_wrap/node-addon-api/package.json', '8_passing_wrapped/node-addon-api/addon.cc', '8_passing_wrapped/node-addon-api/myobject.cc', '8_passing_wrapped/node-addon-api/myobject.h', '8_passing_wrapped/node-addon-api/package.json', '.github/workflows/nodejs.yml', '.travis.yml', '6_object_wrap/node-addon-api/package.json', '7_factory_wrap/node-addon-api/package.json', '8_passing_wrapped/node-addon-api/package.json', '.github/workflows/nodejs.yml'];https://github.com/nodejs/node-addon-examples/pull/139;https://api.github.com/repos/nodejs/node-addon-examples/pulls/139/commits;2;closed
651224;MasonM;fix: docker-entrypoint.sh file handling, closes #1456;nodejs/docker-node;[3691490];['PeterDaveHello'];2021-10-17T23:09:16Z;2021-10-22T06:46:22Z;['12/alpine3.11/docker-entrypoint.sh', '12/alpine3.12/docker-entrypoint.sh', '12/alpine3.13/docker-entrypoint.sh', '12/alpine3.14/docker-entrypoint.sh', '12/bullseye-slim/docker-entrypoint.sh', '12/bullseye/docker-entrypoint.sh', '12/buster-slim/docker-entrypoint.sh', '12/buster/docker-entrypoint.sh', '12/stretch-slim/docker-entrypoint.sh', '12/stretch/docker-entrypoint.sh', '14/alpine3.11/docker-entrypoint.sh', '14/alpine3.12/docker-entrypoint.sh', '14/alpine3.13/docker-entrypoint.sh', '14/alpine3.14/docker-entrypoint.sh', '14/bullseye-slim/docker-entrypoint.sh', '14/bullseye/docker-entrypoint.sh', '14/buster-slim/docker-entrypoint.sh', '14/buster/docker-entrypoint.sh', '14/stretch-slim/docker-entrypoint.sh', '14/stretch/docker-entrypoint.sh', '16/alpine3.11/docker-entrypoint.sh', '16/alpine3.12/docker-entrypoint.sh', '16/alpine3.13/docker-entrypoint.sh', '16/alpine3.14/docker-entrypoint.sh', '16/bullseye-slim/docker-entrypoint.sh', '16/bullseye/docker-entrypoint.sh', '16/buster-slim/docker-entrypoint.sh', '16/buster/docker-entrypoint.sh', '16/stretch-slim/docker-entrypoint.sh', '16/stretch/docker-entrypoint.sh', 'docker-entrypoint.sh', '.github/workflows/build-test.yml', '17/alpine3.12/Dockerfile', '17/alpine3.12/docker-entrypoint.sh', '17/alpine3.13/Dockerfile', '17/alpine3.13/docker-entrypoint.sh', '17/alpine3.14/Dockerfile', '17/alpine3.14/docker-entrypoint.sh', '17/bullseye-slim/Dockerfile', '17/bullseye-slim/docker-entrypoint.sh', '17/bullseye/Dockerfile', '17/bullseye/docker-entrypoint.sh', '17/buster-slim/Dockerfile', '17/buster-slim/docker-entrypoint.sh', '17/buster/Dockerfile', '17/buster/docker-entrypoint.sh', '17/stretch-slim/Dockerfile', '17/stretch-slim/docker-entrypoint.sh', '17/stretch/Dockerfile', '17/stretch/docker-entrypoint.sh', 'versions.json', '17/alpine3.12/docker-entrypoint.sh', '17/alpine3.13/docker-entrypoint.sh', '17/alpine3.14/docker-entrypoint.sh', '17/bullseye-slim/docker-entrypoint.sh', '17/bullseye/docker-entrypoint.sh', '17/buster-slim/docker-entrypoint.sh', '17/buster/docker-entrypoint.sh', '17/stretch-slim/docker-entrypoint.sh', '17/stretch/docker-entrypoint.sh'];https://github.com/nodejs/docker-node/pull/1579;https://api.github.com/repos/nodejs/docker-node/pulls/1579/commits;45;closed
49699333;dependabot[bot];chore(deps): bump actions/github-script from 4.1 to 5;nodejs/docker-node;[728370];['ttshivers'];2021-09-27T07:03:31Z;2022-01-08T20:18:33Z;['.github/workflows/build-test.yml'];https://github.com/nodejs/docker-node/pull/1567;https://api.github.com/repos/nodejs/docker-node/pulls/1567/commits;4;closed
26234614;RafaelGSS;update: cleanup profiling root folder;nodejs/diagnostics;[9373002];['mhdawson'];2021-09-17T16:54:19Z;2021-09-28T19:46:31Z;['documentation/profiling/README.md', 'documentation/profiling/step1/using_v8_profiler.md', 'profiling/README.md', 'documentation/profiling/step1/using_v8_profiler.md', 'documentation/profiling/README.md'];https://github.com/nodejs/diagnostics/pull/499;https://api.github.com/repos/nodejs/diagnostics/pulls/499/commits;2;closed
390146;outsideris;"Translate ""Node v12.22.6, v14.17.6""";nodejs/nodejs-ko;[12230473];['Fleta'];2021-09-09T14:25:44Z;2021-09-14T03:34:49Z;['source/_posts/2021-08-27-vulnerability-aug-2021-security-releases2.md', 'source/_posts/2021-08-31-release-v12.22.6.md', 'source/_posts/2021-08-31-release-v14.17.6.md'];https://github.com/nodejs/nodejs-ko/pull/1156;https://api.github.com/repos/nodejs/nodejs-ko/pulls/1156/commits;240;closed
238531;indutny;src: fix out-of-bounds read through `strtoul`;nodejs/http-parser;[439929];['jasnell'];2018-02-06T22:35:59Z;2018-02-08T19:27:30Z;['http_parser.c', 'test.c', 'http_parser.c', 'test.c', 'http_parser.c'];https://github.com/nodejs/http-parser/pull/409;https://api.github.com/repos/nodejs/http-parser/pulls/409/commits;1;closed
3709715;cclauss;ci: GitHub Actions Test on node: [12.x, 14.x, 16.x];nodejs/node-gyp;[2036040];['codebytere'];2021-06-20T13:54:17Z;2021-06-28T06:11:00Z;['.github/workflows/tests.yml', '.github/workflows/tests.yml', '.github/workflows/tests.yml', '.github/workflows/tests.yml'];https://github.com/nodejs/node-gyp/pull/2439;https://api.github.com/repos/nodejs/node-gyp/pulls/2439/commits;6;closed
3759816;gengjiawen;fix: change default gyp update message;nodejs/node-gyp;[495647];['rvagg'];2021-05-28T13:20:45Z;2021-05-29T12:48:14Z;['update-gyp.py'];https://github.com/nodejs/node-gyp/pull/2420;https://api.github.com/repos/nodejs/node-gyp/pulls/2420/commits;2;closed
3759816;gengjiawen;gyp: update gyp to v0.9.1;nodejs/node-gyp;[5445507];['richardlau'];2021-05-19T07:44:57Z;2021-05-27T14:05:04Z;['gyp/.github/workflows/release-please.yml', 'gyp/CHANGELOG.md', 'gyp/CODE_OF_CONDUCT.md', 'gyp/CONTRIBUTING.md', 'gyp/pylib/gyp/generator/make.py', 'gyp/pylib/gyp/generator/ninja.py', 'gyp/pylib/gyp/xcodeproj_file.py', 'gyp/setup.py', 'gyp/tools/emacs/gyp-tests.el', 'gyp/tools/emacs/gyp.el'];https://github.com/nodejs/node-gyp/pull/2402;https://api.github.com/repos/nodejs/node-gyp/pulls/2402/commits;61;closed
3709715;cclauss;Improve our flake8 linting tests;nodejs/node-gyp;[2352663, 2512748, 5445507];['targos', 'cjihrig', 'richardlau'];2021-03-29T22:51:19Z;2021-03-30T06:55:13Z;['.github/workflows/tests.yml', 'gyp/pylib/gyp/generator/msvs.py', 'test/fixtures/test-charmap.py', 'update-gyp.py'];https://github.com/nodejs/node-gyp/pull/2356;https://api.github.com/repos/nodejs/node-gyp/pulls/2356/commits;99;closed
20157115;DeeDeeG;deps: sync mutual dependencies with npm;nodejs/node-gyp;[495647];['rvagg'];2021-03-22T14:24:24Z;2021-03-29T02:38:10Z;['package.json', 'package.json'];https://github.com/nodejs/node-gyp/pull/2348;https://api.github.com/repos/nodejs/node-gyp/pulls/2348/commits;2;closed
20157115;DeeDeeG;lib: drop Python 2 support in find-python.js;nodejs/node-gyp;[134460, 495647, 2352663, 2512748, 26796102];['joaocgreis', 'rvagg', 'targos', 'cjihrig', 'AshCripps'];2021-02-15T22:22:22Z;2021-03-26T11:57:06Z;['lib/find-python.js', 'test/test-find-python.js', 'lib/find-python.js', 'test/test-find-python.js', 'lib/find-python.js', 'test/test-find-python.js', 'test/test-find-python.js', 'lib/find-python.js', 'lib/find-python.js', 'test/test-find-python.js', 'lib/find-python.js', 'lib/find-python.js', 'lib/find-python.js', 'lib/find-python.js', 'lib/find-python.js', 'test/test-find-python.js', 'test/test-find-python.js'];https://github.com/nodejs/node-gyp/pull/2333;https://api.github.com/repos/nodejs/node-gyp/pulls/2333/commits;2;closed
3709715;cclauss;gyp: update gyp to v0.8.0;nodejs/node-gyp;[2352663];['targos'];2021-01-27T16:46:32Z;2021-01-28T07:11:54Z;['gyp/.github/workflows/Python_tests.yml', 'gyp/CHANGELOG.md', 'gyp/gyp_main.py', 'gyp/pylib/gyp/MSVSNew.py', 'gyp/pylib/gyp/MSVSProject.py', 'gyp/pylib/gyp/MSVSSettings.py', 'gyp/pylib/gyp/MSVSSettings_test.py', 'gyp/pylib/gyp/MSVSToolFile.py', 'gyp/pylib/gyp/MSVSUserFile.py', 'gyp/pylib/gyp/MSVSUtil.py', 'gyp/pylib/gyp/MSVSVersion.py', 'gyp/pylib/gyp/__init__.py', 'gyp/pylib/gyp/common.py', 'gyp/pylib/gyp/easy_xml.py', 'gyp/pylib/gyp/easy_xml_test.py', 'gyp/pylib/gyp/flock_tool.py', 'gyp/pylib/gyp/generator/analyzer.py', 'gyp/pylib/gyp/generator/android.py', 'gyp/pylib/gyp/generator/cmake.py', 'gyp/pylib/gyp/generator/dump_dependency_json.py', 'gyp/pylib/gyp/generator/eclipse.py', 'gyp/pylib/gyp/generator/gypsh.py', 'gyp/pylib/gyp/generator/make.py', 'gyp/pylib/gyp/generator/msvs.py', 'gyp/pylib/gyp/generator/msvs_test.py', 'gyp/pylib/gyp/generator/ninja.py', 'gyp/pylib/gyp/generator/xcode.py', 'gyp/pylib/gyp/input.py', 'gyp/pylib/gyp/mac_tool.py', 'gyp/pylib/gyp/msvs_emulation.py', 'gyp/pylib/gyp/ninja_syntax.py', 'gyp/pylib/gyp/simple_copy.py', 'gyp/pylib/gyp/win_tool.py', 'gyp/pylib/gyp/xcode_emulation.py', 'gyp/pylib/gyp/xcode_ninja.py', 'gyp/pylib/gyp/xcodeproj_file.py', 'gyp/pylib/gyp/xml_fix.py', 'gyp/setup.py', 'gyp/test_gyp.py', 'gyp/tools/README', 'gyp/tools/graphviz.py', 'gyp/tools/pretty_gyp.py', 'gyp/tools/pretty_sln.py', 'gyp/tools/pretty_vcproj.py'];https://github.com/nodejs/node-gyp/pull/2318;https://api.github.com/repos/nodejs/node-gyp/pulls/2318/commits;1401;closed
3709715;cclauss;gyp: remove support for Python 2;nodejs/node-gyp;[52195, 495647, 2352663];['mcollina', 'rvagg', 'targos'];2021-01-12T15:14:04Z;2021-02-14T04:51:19Z;['README.md', 'gyp/pylib/gyp/MSVSSettings.py', 'gyp/pylib/gyp/generator/android.py', 'test/fixtures/test-charmap.py', 'README.md'];https://github.com/nodejs/node-gyp/pull/2300;https://api.github.com/repos/nodejs/node-gyp/pulls/2300/commits;8;closed
52195;mcollina;Import Node 10.9.0. Redo the fix for util.inspect.custom;nodejs/readable-stream;[1128607];['calvinmetcalf'];2018-08-16T10:05:04Z;2018-08-20T08:13:36Z;['README.md', 'build/files.js', 'lib/_stream_readable.js', 'lib/internal/streams/buffer_list.js', 'test/common/README.md', 'test/common/benchmark.js', 'test/common/index.js', 'test/common/index.mjs', 'test/parallel/test-stream-readable-hwm-0.js', 'test/parallel/test-stream-transform-final.js', 'test/parallel/test-stream2-read-sync-stack.js', 'test/browser.js', 'build/files.js', 'lib/internal/streams/buffer_list.js'];https://github.com/nodejs/readable-stream/pull/357;https://api.github.com/repos/nodejs/readable-stream/pulls/357/commits;4;closed
52195;mcollina;Updated to Node 8.11.1;nodejs/readable-stream;[899444, 1128607];['addaleax', 'calvinmetcalf'];2018-04-03T14:20:34Z;2018-04-04T15:33:37Z;['README.md', 'lib/_stream_duplex.js', 'lib/_stream_readable.js', 'lib/_stream_writable.js', 'test/common/README.md', 'test/common/index.js', 'test/common/inspector-helper.js', 'test/parallel/test-stream-big-packet.js', 'test/parallel/test-stream-readable-flow-recursion.js', 'test/parallel/test-stream-transform-split-objectmode.js', 'test/parallel/test-stream-unshift-read-race.js', 'test/parallel/test-stream-writev.js', 'test/parallel/test-stream2-large-read-stall.js', 'test/parallel/test-stream2-push.js', 'test/parallel/test-stream2-readable-non-empty-end.js', 'test/parallel/test-stream2-unpipe-leak.js', 'test/parallel/test-stream3-pause-then-read.js'];https://github.com/nodejs/readable-stream/pull/332;https://api.github.com/repos/nodejs/readable-stream/pulls/332/commits;204;closed
52195;mcollina;Build 8.9.4;nodejs/readable-stream;[1128607];['calvinmetcalf'];2018-02-08T09:31:11Z;2018-02-09T17:15:53Z;['README.md', 'build/build.js', 'build/common-replacements.js', 'build/files.js', 'build/package.json', 'build/test-replacements.js', 'lib/_stream_readable.js', 'lib/_stream_transform.js', 'lib/_stream_writable.js', 'lib/internal/streams/destroy.js', 'test/common/README.md', 'test/common/benchmark.js', 'test/common/countdown.js', 'test/common/dns.js', 'test/common/duplexpair.js', 'test/common/fixtures.js', 'test/common/index.js', 'test/common/index.mjs', 'test/common/inspector-helper.js', 'test/common/wpt.js', 'test/parallel/test-stream-base-prototype-accessors-enumerability.js', 'test/parallel/test-stream-base-prototype-accessors.js', 'test/parallel/test-stream-big-packet.js', 'test/parallel/test-stream-decoder-objectmode.js', 'test/parallel/test-stream-duplex.js', 'test/parallel/test-stream-events-prepend.js', 'test/parallel/test-stream-pipe-after-end.js', 'test/parallel/test-stream-pipe-await-drain-manual-resume.js', 'test/parallel/test-stream-pipe-await-drain.js', 'test/parallel/test-stream-pipe-cleanup-pause.js', 'test/parallel/test-stream-pipe-error-handling.js', 'test/parallel/test-stream-pipe-multiple-pipes.js', 'test/parallel/test-stream-pipe-unpipe-streams.js', 'test/parallel/test-stream-push-strings.js', 'test/parallel/test-stream-readable-emittedReadable.js', 'test/parallel/test-stream-readable-invalid-chunk.js', 'test/parallel/test-stream-readable-needReadable.js', 'test/parallel/test-stream-readableListening-state.js', 'test/parallel/test-stream-transform-split-highwatermark.js', 'test/parallel/test-stream-uint8array.js', 'test/parallel/test-stream-writable-change-default-encoding.js', 'test/parallel/test-stream-writable-decoded-encoding.js', 'test/parallel/test-stream-writable-null.js', 'test/parallel/test-stream2-basic.js', 'test/parallel/test-stream2-compatibility.js', 'test/parallel/test-stream2-finish-pipe.js', 'test/parallel/test-stream2-pipe-error-once-listener.js', 'test/parallel/test-stream2-push.js', 'test/parallel/test-stream2-readable-wrap-empty.js', 'test/parallel/test-stream2-set-encoding.js', 'test/parallel/test-stream2-transform.js', 'test/parallel/test-stream2-unpipe-drain.js', 'test/parallel/test-stream2-unpipe-leak.js', 'test/parallel/test-stream2-writable.js', 'build/build.js', 'build/test-replacements.js', 'test/common/index.js', 'test/parallel/test-stream-base-prototype-accessors-enumerability.js', 'test/parallel/test-stream-base-prototype-accessors.js', 'README.md', 'build/files.js', 'lib/_stream_duplex.js', 'lib/_stream_readable.js', 'lib/_stream_writable.js', 'lib/internal/streams/destroy.js', 'package.json', 'build/test-replacements.js', 'test/parallel/test-stream2-unpipe-leak.js', 'build/test-replacements.js', 'test/parallel/test-stream2-unpipe-leak.js', 'build/files.js', 'lib/internal/streams/BufferList.js', '.travis.yml', 'build/files.js', 'lib/internal/streams/BufferList.js'];https://github.com/nodejs/readable-stream/pull/320;https://api.github.com/repos/nodejs/readable-stream/pulls/320/commits;4;closed
3759816;gengjiawen;lock cmake-js to 5 for Node.js 8 compatibility;nodejs/node-addon-examples;[16160283];['jschlight'];2019-10-08T12:34:13Z;2019-10-11T19:23:21Z;['.travis.yml'];https://github.com/nodejs/node-addon-examples/pull/117;https://api.github.com/repos/nodejs/node-addon-examples/pulls/117/commits;2;closed
19281814;tossy310;Fix AsyncProgressWorkerBase::WorkProgress sends invalid data;nodejs/nan;[275871];['bnoordhuis'];2018-07-08T17:32:53Z;2018-08-25T11:21:34Z;['nan.h', 'nan.h', 'yarn.lock', 'nan.h', 'yarn.lock'];https://github.com/nodejs/nan/pull/794;https://api.github.com/repos/nodejs/nan/pulls/794/commits;742;closed
1764512;hekike;docs(documentation): improve process crash;nodejs/diagnostics;[4048656];['mmarchini'];2020-02-25T10:48:11Z;2020-02-28T18:55:18Z;['documentation/abnormal_termination/README.md', 'documentation/abnormal_termination/step2/using_diagnostic_report.md', 'documentation/abnormal_termination/step3/using_lldb.md', 'documentation/abnormal_termination/step4/using_valgrind.md', 'documentation/abnormal_termination/README.md', 'documentation/abnormal_termination/README.md'];https://github.com/nodejs/diagnostics/pull/360;https://api.github.com/repos/nodejs/diagnostics/pulls/360/commits;6;closed
3759816;gengjiawen;gyp: update gyp to v0.7.0;nodejs/node-gyp;[495647, 2352663];['rvagg', 'targos'];2020-12-18T00:34:04Z;2020-12-22T00:19:26Z;['gyp/CHANGELOG.md', 'gyp/pylib/gyp/generator/cmake.py', 'gyp/pylib/gyp/generator/msvs.py', 'gyp/pylib/gyp/input.py', 'gyp/pylib/gyp/xcode_emulation.py', 'gyp/setup.py'];https://github.com/nodejs/node-gyp/pull/2284;https://api.github.com/repos/nodejs/node-gyp/pulls/2284/commits;104;closed
495647;rvagg;gyp: update gyp to 0.6.1;nodejs/node-gyp;[2352663];['targos'];2020-10-14T23:35:18Z;2020-10-15T00:23:08Z;['gyp/.flake8', 'gyp/.github/workflows/Python_tests.yml', 'gyp/.github/workflows/node-gyp.yml', 'gyp/.github/workflows/nodejs-windows.yml', 'gyp/CHANGELOG.md', 'gyp/README.md', 'gyp/pylib/gyp/MSVSSettings_test.py', 'gyp/pylib/gyp/__init__.py', 'gyp/pylib/gyp/common.py', 'gyp/pylib/gyp/generator/android.py', 'gyp/pylib/gyp/generator/compile_commands_json.py', 'gyp/pylib/gyp/generator/make.py', 'gyp/pylib/gyp/generator/msvs.py', 'gyp/pylib/gyp/generator/ninja.py', 'gyp/pylib/gyp/generator/xcode.py', 'gyp/pylib/gyp/input.py', 'gyp/pylib/gyp/msvs_emulation.py', 'gyp/pylib/gyp/xcode_emulation.py', 'gyp/pylib/gyp/xcodeproj_file.py', 'gyp/setup.py', 'gyp/tools/pretty_vcproj.py'];https://github.com/nodejs/node-gyp/pull/2238;https://api.github.com/repos/nodejs/node-gyp/pulls/2238/commits;453;closed
6304837;imatlopez;lib: migrate requests to fetch;nodejs/node-gyp;[495647, 718899, 2352663, 2512748, 5445507, 8822573, 26796102];['rvagg', 'Trott', 'targos', 'cjihrig', 'richardlau', 'BridgeAR', 'AshCripps'];2020-09-13T16:40:09Z;2021-03-18T01:30:05Z;['lib/install.js', 'package.json', 'test/test-download.js', 'lib/install.js', 'test/test-download.js', 'lib/install.js', 'lib/proxy.js', 'lib/install.js', 'test/test-download.js', 'test/test-install.js', 'lib/install.js', 'test/test-download.js', 'test/test-download.js', 'lib/install.js', '.github/workflows/tests.yml', 'README.md', 'gyp/CHANGELOG.md', 'gyp/pylib/gyp/generator/cmake.py', 'gyp/pylib/gyp/generator/msvs.py', 'gyp/pylib/gyp/input.py', 'gyp/pylib/gyp/xcode_emulation.py', 'gyp/setup.py', 'macOS_Catalina.md'];https://github.com/nodejs/node-gyp/pull/2220;https://api.github.com/repos/nodejs/node-gyp/pulls/2220/commits;132;closed
52195;mcollina;Node 8.1.3;nodejs/readable-stream;[376661];['mafintosh'];2017-06-29T08:05:31Z;2017-06-29T14:16:55Z;['build/build.js', 'lib/internal/streams/BufferList.js', 'test/parallel/test-stream-unpipe-event.js', 'build/files.js', 'lib/_stream_readable.js', 'lib/_stream_writable.js', 'build/files.js', 'lib/_stream_readable.js', 'lib/_stream_writable.js', 'build/files.js', 'lib/_stream_readable.js', 'lib/_stream_writable.js', 'build/files.js', 'lib/_stream_readable.js', 'lib/_stream_writable.js', 'README.md', 'lib/_stream_readable.js', 'lib/_stream_writable.js', 'package.json', 'test/common.js', 'test/parallel/test-stream-objectmode-undefined.js', 'test/parallel/test-stream-pipe-await-drain-push-while-write.js', 'test/parallel/test-stream-readable-invalid-chunk.js', 'test/parallel/test-stream-writable-write-writev-finish.js', 'test/parallel/test-stream-writable-writev-finish.js', 'test/parallel/test-stream2-basic.js', 'test/parallel/test-stream2-decode-partial.js', 'test/parallel/test-stream2-objects.js', 'test/parallel/test-stream2-readable-from-list.js', 'test/parallel/test-stream2-set-encoding.js', 'test/parallel/test-stream2-transform.js', 'test/parallel/test-stream2-writable.js', 'test/parallel/test-stream3-cork-end.js', 'test/parallel/test-stream3-cork-uncork.js'];https://github.com/nodejs/readable-stream/pull/306;https://api.github.com/repos/nodejs/readable-stream/pulls/306/commits;2241;closed
52195;mcollina;Forward-port of nodejs#13850;nodejs/readable-stream;[2467194, 8107784];['yoshuawuyts', 'lrlna'];2017-06-21T21:23:11Z;2017-06-22T13:46:38Z;['lib/_stream_writable.js'];https://github.com/nodejs/readable-stream/pull/298;https://api.github.com/repos/nodejs/readable-stream/pulls/298/commits;29;closed
1128607;calvinmetcalf;Node 8;nodejs/readable-stream;[376661, 899444, 2467194, 8107784];['mafintosh', 'addaleax', 'yoshuawuyts', 'lrlna'];2017-06-09T19:51:46Z;2017-06-19T13:26:29Z;['README.md', 'build/build.js', 'build/common-replacements.js', 'build/files.js', 'build/package.json', 'build/test-replacements.js', 'lib/_stream_duplex.js', 'lib/_stream_passthrough.js', 'lib/_stream_readable.js', 'lib/_stream_transform.js', 'lib/_stream_writable.js', 'lib/internal/streams/BufferList.js', 'lib/internal/streams/destroy.js', 'package.json', 'test/browser/test-stream2-readable-from-list.js', 'test/common.js', 'test/parallel/test-stream-big-packet.js', 'test/parallel/test-stream-big-push.js', 'test/parallel/test-stream-decoder-objectmode.js', 'test/parallel/test-stream-duplex-destroy.js', 'test/parallel/test-stream-duplex.js', 'test/parallel/test-stream-end-paused.js', 'test/parallel/test-stream-events-prepend.js', 'test/parallel/test-stream-ispaused.js', 'test/parallel/test-stream-pipe-after-end.js', 'test/parallel/test-stream-pipe-await-drain.js', 'test/parallel/test-stream-pipe-cleanup-pause.js', 'test/parallel/test-stream-pipe-cleanup.js', 'test/parallel/test-stream-pipe-error-handling.js', 'test/parallel/test-stream-pipe-event.js', 'test/parallel/test-stream-pipe-multiple-pipes.js', 'test/parallel/test-stream-pipe-same-destination-twice.js', 'test/parallel/test-stream-pipe-unpipe-streams.js', 'test/parallel/test-stream-pipe-without-listenerCount.js', 'test/parallel/test-stream-push-order.js', 'test/parallel/test-stream-push-strings.js', 'test/parallel/test-stream-readable-constructor-set-methods.js', 'test/parallel/test-stream-readable-destroy.js', 'test/parallel/test-stream-readable-emittedReadable.js', 'test/parallel/test-stream-readable-event.js', 'test/parallel/test-stream-readable-flow-recursion.js', 'test/parallel/test-stream-readable-invalid-chunk.js', 'test/parallel/test-stream-readable-needReadable.js', 'test/parallel/test-stream-readableListening-state.js', 'test/parallel/test-stream-transform-callback-twice.js', 'test/parallel/test-stream-transform-constructor-set-methods.js', 'test/parallel/test-stream-transform-destroy.js', 'test/parallel/test-stream-transform-final-sync.js', 'test/parallel/test-stream-transform-final.js', 'test/parallel/test-stream-transform-objectmode-falsey-value.js', 'test/parallel/test-stream-transform-split-objectmode.js', 'test/parallel/test-stream-uint8array.js', 'test/parallel/test-stream-unpipe-event.js', 'test/parallel/test-stream-unshift-empty-chunk.js', 'test/parallel/test-stream-unshift-read-race.js', 'test/parallel/test-stream-writable-change-default-encoding.js', 'test/parallel/test-stream-writable-decoded-encoding.js', 'test/parallel/test-stream-writable-destroy.js', 'test/parallel/test-stream-writable-writev-finish.js', 'test/parallel/test-stream-write-final.js', 'test/parallel/test-stream-writev.js', 'test/parallel/test-stream2-base64-single-char-read-end.js', 'test/parallel/test-stream2-basic.js', 'test/parallel/test-stream2-compatibility.js', 'test/parallel/test-stream2-finish-pipe.js', 'test/parallel/test-stream2-large-read-stall.js', 'test/parallel/test-stream2-objects.js', 'test/parallel/test-stream2-pipe-error-handling.js', 'test/parallel/test-stream2-pipe-error-once-listener.js', 'test/parallel/test-stream2-push.js', 'test/parallel/test-stream2-read-sync-stack.js', 'test/parallel/test-stream2-readable-empty-buffer-no-eof.js', 'test/parallel/test-stream2-readable-from-list.js', 'test/parallel/test-stream2-readable-legacy-drain.js', 'test/parallel/test-stream2-readable-non-empty-end.js', 'test/parallel/test-stream2-readable-wrap-empty.js', 'test/parallel/test-stream2-set-encoding.js', 'test/parallel/test-stream2-transform.js', 'test/parallel/test-stream2-unpipe-drain.js', 'test/parallel/test-stream2-unpipe-leak.js', 'test/parallel/test-stream2-writable.js', 'test/parallel/test-stream3-pause-then-read.js', 'test/parallel/test-streams-highwatermark.js', 'build/build.js', 'build/files.js', 'lib/_stream_readable.js', 'lib/_stream_writable.js'];https://github.com/nodejs/readable-stream/pull/290;https://api.github.com/repos/nodejs/readable-stream/pulls/290/commits;92;closed
1062488;mkrufky;deduplication of DefineOwnProperty() wrapper;nodejs/nan;[4103081];['kkoopa'];2018-02-23T20:07:18Z;2018-02-26T19:30:29Z;['Makefile', 'nan_define_own_property_helper.h', 'nan_maybe_43_inl.h', 'nan_maybe_pre_43_inl.h', 'nan_define_own_property_helper.h', 'nan_maybe_43_inl.h', 'nan_maybe_pre_43_inl.h'];https://github.com/nodejs/nan/pull/741;https://api.github.com/repos/nodejs/nan/pulls/741/commits;8;closed
439929;jasnell;worker: graduate BroadcastChannel to supported;nodejs/node;[899444];['addaleax'];2021-12-21T20:27:07Z;2021-12-24T16:33:25Z;['doc/api/worker_threads.md', 'lib/internal/worker/io.js', '.eslintrc.js', 'doc/api/globals.md', 'doc/api/worker_threads.md', 'lib/.eslintrc.yaml', 'lib/internal/bootstrap/node.js', 'lib/internal/worker/io.js'];https://github.com/nodejs/node/pull/41271;https://api.github.com/repos/nodejs/node/pulls/41271/commits;17;closed
1764512;hekike;WG Meeting notes 2019-06-19;nodejs/diagnostics;[9373002];['mhdawson'];2019-06-19T22:01:32Z;2019-06-21T02:26:58Z;['wg-meetings/2019-06-19.md', 'wg-meetings/2019-06-19.md'];https://github.com/nodejs/diagnostics/pull/310;https://api.github.com/repos/nodejs/diagnostics/pulls/310/commits;1;closed
20157115;DeeDeeG;"deps: increase ""engines"" to ""node"" : "">= 10.12.0""";nodejs/node-gyp;[495647];['rvagg'];2020-06-07T21:51:00Z;2020-06-16T08:32:21Z;['macOS_Catalina.md', 'macOS_Catalina.md', 'package.json'];https://github.com/nodejs/node-gyp/pull/2153;https://api.github.com/repos/nodejs/node-gyp/pulls/2153/commits;2;closed
2036040;codebytere;chore: remove support for EOL versions of Node.js;nodejs/node-gyp;[5445507];['richardlau'];2020-05-11T19:04:13Z;2020-05-13T02:01:50Z;['.travis.yml'];https://github.com/nodejs/node-gyp/pull/2120;https://api.github.com/repos/nodejs/node-gyp/pulls/2120/commits;16;closed
3709715;cclauss;GitHub Action to reproduce AttributeError in MSVSProject;nodejs/node-gyp;[134460, 17704638];['joaocgreis', 'bzoz'];2020-05-02T06:33:57Z;2020-10-07T16:34:32Z;['.travis.yml', 'macOS_Catalina.md', '.github/ISSUE_TEMPLATE.md', 'bin/node-gyp.js', '.github/workflows/MSVSProject_test.yml', '.github/workflows/MSVSProject_test.yml', '.github/workflows/MSVSProject_test.yml', '.github/workflows/MSVSProject_test.yml', '.github/workflows/MSVSProject_test.yml', '.github/workflows/MSVSProject_test.yml'];https://github.com/nodejs/node-gyp/pull/2112;https://api.github.com/repos/nodejs/node-gyp/pulls/2112/commits;1;closed
1170440;vladimyr;Update acid test;nodejs/node-gyp;[3709715];['cclauss'];2020-04-24T23:33:06Z;2020-06-03T03:19:29Z;['macOS_Catalina.md', 'acid-test.sh', 'macOS_Catalina.md', 'macOS_Catalina.md', 'macOS_Catalina_acid_test.sh'];https://github.com/nodejs/node-gyp/pull/2105;https://api.github.com/repos/nodejs/node-gyp/pulls/2105/commits;2;closed
94833492;dygabo;loader: fix package resolution for edge case;nodejs/node;[234659, 18708370];['bmeck', 'Flarna'];2021-12-17T11:54:53Z;2021-12-22T18:43:19Z;['lib/internal/modules/esm/resolve.js', 'test/es-module/test-esm-resolve-type.js', 'lib/internal/modules/esm/resolve.js', 'lib/internal/modules/esm/resolve.js', 'lib/internal/modules/esm/get_format.js', 'lib/internal/modules/esm/resolve.js', 'test/es-module/test-esm-resolve-type.js', 'lib/internal/modules/esm/get_format.js', 'lib/internal/modules/esm/resolve.js', 'test/es-module/test-esm-resolve-type.js', 'lib/internal/modules/esm/resolve.js', 'lib/internal/modules/cjs/loader.js', 'lib/internal/modules/esm/get_format.js', 'lib/internal/modules/esm/resolve.js', 'test/es-module/test-esm-resolve-type.js', 'lib/internal/modules/esm/get_format.js', 'lib/internal/modules/esm/resolve.js', 'lib/internal/modules/esm/get_format.js', 'lib/internal/modules/esm/resolve.js', 'test/es-module/test-esm-resolve-type.js', 'lib/internal/modules/esm/get_format.js', 'lib/internal/modules/esm/resolve.js', 'test/es-module/test-esm-resolve-type.js', 'lib/internal/modules/esm/resolve.js', 'test/es-module/test-esm-resolve-type.js', 'lib/internal/modules/esm/get_format.js', 'lib/internal/modules/esm/load.js', 'lib/internal/modules/esm/resolve.js', 'lib/internal/modules/esm/get_format.js', 'lib/internal/modules/esm/load.js', 'lib/internal/modules/esm/resolve.js', 'lib/internal/modules/esm/get_format.js', 'lib/internal/modules/esm/load.js', 'lib/internal/modules/esm/resolve.js'];https://github.com/nodejs/node/pull/41218;https://api.github.com/repos/nodejs/node/pulls/41218/commits;10;closed
3109072;tniessen;crypto: fix error capture when loading engine;nodejs/node;[439929];['jasnell'];2021-12-15T15:52:09Z;2021-12-17T16:53:38Z;['src/crypto/crypto_util.cc'];https://github.com/nodejs/node/pull/41187;https://api.github.com/repos/nodejs/node/pulls/41187/commits;5;closed
1526883;pimterry;http2: handle existing socket data when creating HTTP/2 server sessions;nodejs/node;[439929];['jasnell'];2021-12-15T14:51:57Z;2021-12-23T18:33:53Z;['lib/internal/http2/core.js', 'test/parallel/test-http2-autoselect-protocol.js'];https://github.com/nodejs/node/pull/41185;https://api.github.com/repos/nodejs/node/pulls/41185/commits;102;closed
19938289;hubbergit;Update function getSDK() to support Windows 11 SDK;nodejs/node-gyp;[134460, 495647, 718899, 9373002];['joaocgreis', 'rvagg', 'Trott', 'mhdawson'];2021-12-07T14:09:58Z;None;['lib/find-visualstudio.js'];https://github.com/nodejs/node-gyp/pull/2565;https://api.github.com/repos/nodejs/node-gyp/pulls/2565/commits;17;open
20157115;DeeDeeG;Add Python symlink to path (for non-Windows OSes only);nodejs/node-gyp;[495647, 2352663, 3759816, 5445507, 26796102];['rvagg', 'targos', 'gengjiawen', 'richardlau', 'AshCripps'];2021-04-08T00:48:04Z;None;['lib/build.js', 'lib/configure.js', 'test/test-configure-python.js', 'lib/configure.js', 'lib/configure.js', 'lib/configure.js', 'lib/configure.js'];https://github.com/nodejs/node-gyp/pull/2362;https://api.github.com/repos/nodejs/node-gyp/pulls/2362/commits;8;open
1610612;diegozhu;fix build.js remove comments issue;nodejs/node-gyp;[134460];['joaocgreis'];2021-02-07T04:12:30Z;None;['lib/build.js'];https://github.com/nodejs/node-gyp/pull/2324;https://api.github.com/repos/nodejs/node-gyp/pulls/2324/commits;2;open
47751812;owl-from-hogvarts;Add support for Unicode characters in paths;nodejs/node-gyp;[134460, 5445507];['joaocgreis', 'richardlau'];2020-11-06T12:21:21Z;None;['gyp/pylib/gyp/easy_xml.py', 'lib/find-python-script.py', 'lib/find-python.js', 'test/test-find-python-script.js', 'test/rm.js', 'test/test-find-python-script.js', 'test/test-find-python.js', 'lib/find-python-script.py'];https://github.com/nodejs/node-gyp/pull/2254;https://api.github.com/repos/nodejs/node-gyp/pulls/2254/commits;15;open
6304837;imatlopez;feat: promisify remove;nodejs/node-gyp;[3709715];['cclauss'];2020-09-19T18:58:43Z;None;['lib/remove.js', 'lib/remove.js'];https://github.com/nodejs/node-gyp/pull/2225;https://api.github.com/repos/nodejs/node-gyp/pulls/2225/commits;3;open
2036040;codebytere;feat: support gyp with ninja;nodejs/node-gyp;[495647];['rvagg'];2020-07-24T20:00:37Z;None;['addon.gypi', 'lib/build.js', 'lib/configure.js', 'lib/install.js', 'lib/node-gyp.js'];https://github.com/nodejs/node-gyp/pull/2171;https://api.github.com/repos/nodejs/node-gyp/pulls/2171/commits;182;open
1569153;yeerkkiller1;configure.js: escape '<';nodejs/node-gyp;[134460];['joaocgreis'];2018-07-19T01:51:19Z;None;['lib/configure.js'];https://github.com/nodejs/node-gyp/pull/1506;https://api.github.com/repos/nodejs/node-gyp/pulls/1506/commits;9;open
314190;hugomrdias;Fix/remove node globals;nodejs/readable-stream;[52195];['mcollina'];2020-04-27T17:45:26Z;None;['lib/internal/streams/buffer_list.js', 'lib/internal/streams/from.js', 'test/common/countdown.js', 'test/common/dns.js', 'test/common/duplexpair.js', 'test/common/fixtures.js', 'test/common/heap.js', 'test/common/http2.js', 'test/common/index.js', 'test/common/inspector-helper.js', 'test/common/internet.js', 'test/common/tls.js', 'test/parallel/test-stream-big-packet.js', 'test/parallel/test-stream-events-prepend.js', 'test/parallel/test-stream-pipe-after-end.js', 'test/parallel/test-stream-pipe-await-drain-manual-resume.js', 'test/parallel/test-stream-pipe-multiple-pipes.js', 'test/parallel/test-stream-push-strings.js', 'test/parallel/test-stream-readable-async-iterators.js', 'test/parallel/test-stream-uint8array.js', 'test/parallel/test-stream-unpipe-event.js', 'test/parallel/test-stream-writable-change-default-encoding.js', 'test/parallel/test-stream-writable-decoded-encoding.js', 'test/parallel/test-stream-writable-null.js', 'test/parallel/test-stream2-basic.js', 'test/parallel/test-stream2-compatibility.js', 'test/parallel/test-stream2-pipe-error-once-listener.js', 'test/parallel/test-stream2-set-encoding.js', 'test/parallel/test-stream2-unpipe-drain.js', 'test/parallel/test-stream2-unpipe-leak.js', 'test/parallel/test-stream2-writable.js', 'build/files.js', 'lib/_stream_duplex.js', 'lib/_stream_readable.js', 'lib/_stream_writable.js', 'lib/internal/streams/async_iterator.js', 'lib/internal/streams/destroy.js', 'package.json', 'test/ours/lolex-fake-timers.js', 'build/files.js', 'lib/_stream_duplex.js', 'lib/_stream_readable.js', 'lib/_stream_writable.js', 'lib/internal/streams/async_iterator.js', 'lib/internal/streams/buffer_list.js', 'lib/internal/streams/destroy.js', 'lib/internal/streams/from.js', 'lib/internal/streams/next-tick-browser.js', 'lib/internal/streams/next-tick.js', 'package.json', 'test/browser/test-stream-push-strings.js', 'test/browser/test-stream2-base64-single-char-read-end.js', 'test/browser/test-stream2-objects.js', 'test/browser/test-stream2-push.js', 'test/browser/test-stream2-readable-empty-buffer-no-eof.js', 'test/browser/test-stream2-readable-legacy-drain.js', 'test/browser/test-stream2-transform.js', 'test/browser/test-stream2-unpipe-drain.js', 'test/browser/test-stream2-writable.js', 'test/browser/test-stream3-pause-then-read.js', 'test/common/dns.js', 'test/common/duplexpair.js', 'test/common/fixtures.js', 'test/common/heap.js', 'test/common/http2.js', 'test/common/index.js', 'test/common/inspector-helper.js', 'test/common/internet.js', 'test/common/tls.js', 'test/parallel/test-stream-big-packet.js', 'test/parallel/test-stream-events-prepend.js', 'test/parallel/test-stream-pipe-after-end.js', 'test/parallel/test-stream-pipe-await-drain-manual-resume.js', 'test/parallel/test-stream-pipe-multiple-pipes.js', 'test/parallel/test-stream-push-strings.js', 'test/parallel/test-stream-readable-async-iterators.js', 'test/parallel/test-stream-uint8array.js', 'test/parallel/test-stream-unpipe-event.js', 'test/parallel/test-stream-writable-change-default-encoding.js', 'test/parallel/test-stream-writable-decoded-encoding.js', 'test/parallel/test-stream-writable-null.js', 'test/parallel/test-stream2-basic.js', 'test/parallel/test-stream2-compatibility.js', 'test/parallel/test-stream2-pipe-error-once-listener.js', 'test/parallel/test-stream2-set-encoding.js', 'test/parallel/test-stream2-unpipe-drain.js', 'test/parallel/test-stream2-unpipe-leak.js', 'test/parallel/test-stream2-writable.js', 'build/files.js', 'lib/internal/streams/buffer_list.js', 'lib/internal/streams/inspect-browser.js', 'lib/internal/streams/inspect.js', 'package.json'];https://github.com/nodejs/readable-stream/pull/435;https://api.github.com/repos/nodejs/readable-stream/pulls/435/commits;11;open
976081;gabrielschulhof;remove wrapper_ from napi_wrap examples;nodejs/node-addon-examples;[387506, 899444, 3759816, 8500303, 8634912, 9373002];['NickNaso', 'addaleax', 'gengjiawen', 'legendecas', 'KevinEady', 'mhdawson'];2020-08-04T18:54:06Z;None;['6_object_wrap/napi/myobject.cc', '6_object_wrap/napi/myobject.h', '7_factory_wrap/napi/myobject.cc', '7_factory_wrap/napi/myobject.h', '8_passing_wrapped/napi/myobject.cc', '8_passing_wrapped/napi/myobject.h', '6_object_wrap/napi/myobject.cc', '6_object_wrap/napi/myobject.h', '7_factory_wrap/napi/myobject.cc', '7_factory_wrap/napi/myobject.h', '8_passing_wrapped/napi/myobject.cc', '8_passing_wrapped/napi/myobject.h'];https://github.com/nodejs/node-addon-examples/pull/151;https://api.github.com/repos/nodejs/node-addon-examples/pulls/151/commits;6;open
20809;apapirovski;process: ignore asyncId 0 in exception handler;nodejs/node;[899444];['addaleax'];2022-01-07T06:08:00Z;None;['lib/internal/process/execution.js', 'test/async-hooks/init-hooks.js', 'test/async-hooks/test-unhandled-exception-valid-ids.js'];https://github.com/nodejs/node/pull/41424;https://api.github.com/repos/nodejs/node/pulls/41424/commits;29;open
20809;apapirovski;test: replace flaky immediates event loop test;nodejs/node;[718899, 899444];['Trott', 'addaleax'];2022-01-07T03:43:41Z;None;['test/parallel/parallel.status', 'test/parallel/test-timers-immediate-event-loop.js', 'test/parallel/test-timers-immediate-queue.js'];https://github.com/nodejs/node/pull/41423;https://api.github.com/repos/nodejs/node/pulls/41423/commits;93;open
62040526;VoltrexMaster;http2: refactor compat;nodejs/node;[52195];['mcollina'];2022-01-05T19:34:37Z;None;['lib/internal/http2/compat.js'];https://github.com/nodejs/node/pull/41411;https://api.github.com/repos/nodejs/node/pulls/41411/commits;7;open
15943089;gibfahn;doc: add meeting minutes for 2017-10-25;nodejs/build;[495647];['rvagg'];2017-10-24T23:40:42Z;2017-10-27T11:11:40Z;['doc/meetings/build-wg-meeting-2017-10-25.md'];https://github.com/nodejs/build/pull/942;https://api.github.com/repos/nodejs/build/pulls/942/commits;158;closed
15943089;gibfahn;doc: add meeting minutes for 2017-10-12;nodejs/build;[96947, 134460, 9373002];['refack', 'joaocgreis', 'mhdawson'];2017-10-22T12:37:39Z;2017-10-24T21:46:37Z;['doc/meetings/build-wg-meeting-2017-10-12.md'];https://github.com/nodejs/build/pull/931;https://api.github.com/repos/nodejs/build/pulls/931/commits;80;closed
