1757100,donjaime
4598004,chatman
54862,noblepaul
2895902,patsonluk
9000965,EmilyBragg
53449908,shanhe-fullstory
1919660,dragonsinth
662420,claygoddard
2035234,jhump
45576380,patrick-fs
958267,glarchev
46005232,sam-fs
48255739,robertclewley
10367662,nvzqz
60398138,HaroldFS
52075243,van-fs
46504647,sabrina-li
39279505,JoshMiers-FS
5920,mbrubeck
57382732,davehylands
32933108,thempatel
830349,jbdutton
30803084,jameremo
6018430,akamgm
34779,TrevorFSmith
1714798,timjchin
5351154,bddean
8356589,hiteshk25
30157646,Oldsouldier
